{"web":{"client_id":"75591260878-alcne0al3n4dddd6p9vtm123ua56ucvi.apps.googleusercontent.com","project_id":"titanium-vision-452700-t2","auth_uri":"https://accounts.google.com/o/oauth2/auth","token_uri":"https://oauth2.googleapis.com/token","auth_provider_x509_cert_url":"https://www.googleapis.com/oauth2/v1/certs","client_secret":"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","redirect_uris":["http://localhost:5173","http://localhost:5174"],"javascript_origins":["http://localhost:5173","http://localhost:5174"]}}